"Day","Gross sales","Discounts","Returns","Net sales","Shipping charges","Return fees","Taxes","Total sales"
"2023-10-01",924,0,0,924,0,0,61.27,985.27
"2023-10-02",515,-10.8,0,504.2,20,0,30.81,555.01
"2023-10-03",436.5,0,0,436.5,0,0,26.46,462.96
"2023-10-04",552,-7.5,0,544.5,0,0,35.43,579.93
"2023-10-05",650,-5,0,645,10,0,41.73,696.73
"2023-10-06",1438,-27,0,1411,10,0,88.64,1509.64
"2023-10-07",1395.5,-16.45,0,1379.05,10,0,89.32,1478.37
"2023-10-08",387,-46,0,341,0,0,22.61,363.61
"2023-10-09",258,-9,0,249,20,0,17.81,286.81
"2023-10-10",1191,-124.1,-14.4,1052.5,0,0,68.68,1121.18
"2023-10-11",669,-13,0,656,10,0,41.5,707.5
"2023-10-12",678,-15.6,0,662.4,0,0,43.89,706.29
"2023-10-13",1824,-272,-59,1493,0,0,65.16,1558.16
"2023-10-14",632,-22.5,0,609.5,0,0,40.44,649.94
"2023-10-15",817,-8.25,0,808.75,0,0,53,861.75
"2023-10-16",734,-22.5,0,711.5,10,0,46.2,767.7
"2023-10-17",711,-4,0,707,0,0,46.89,753.89
"2023-10-18",767,-25.7,-65,676.3,0,0,46.5,722.8
"2023-10-19",1066,-10,0,1056,0,0,70.03,1126.03
"2023-10-20",837,-24.2,0,812.8,0,0,53.92,866.72
"2023-10-21",2183.5,-17.5,0,2166,0,0,75.97,2241.97
"2023-10-22",1025.25,-30,0,995.25,20,0,60.55,1075.8
"2023-10-23",606.25,-14.45,0,591.8,0,0,32.58,624.38
"2023-10-24",794,-17.5,0,776.5,0,0,51.47,827.97
"2023-10-25",480,-5,0,475,0,0,31.48,506.48
"2023-10-26",771,-21.8,0,749.2,0,0,49.01,798.21
"2023-10-27",2116,-260.5,0,1855.5,6,0,105.56,1967.06
"2023-10-28",1327.25,-27.5,0,1299.75,0,0,84.16,1383.91
"2023-10-29",872.5,-9.03,0,863.47,0,0,57.26,920.73
"2023-10-30",1725,-17.5,0,1707.5,10,0,95.89,1813.39
"2023-10-31",1322,-356.8,0,965.2,0,0,28.2,993.4
"2023-11-01",756,-16,0,740,10,0,37.8,787.8
"2023-11-02",1208,0,0,1208,0,0,30.39,1238.39
"2023-11-03",3819,-16,0,3803,0,0,36.31,3839.31
"2023-11-04",1204.25,-6.5,-90,1107.75,20,0,71.62,1199.37
"2023-11-05",1122,-10,0,1112,10,0,69.41,1191.41
"2023-11-06",2170,-413,0,1757,0,0,56.75,1813.75
"2023-11-07",2994.75,-12.5,0,2982.25,20,0,89.53,3091.78
"2023-11-08",1905,-274,0,1631,36.37,0,43.15,1710.52
"2023-11-09",1064.5,-40,-20,1004.5,10,0,59.15,1073.65
"2023-11-10",1281,-5,-17,1259,0,0,58.34,1317.34
"2023-11-11",2040.25,-61.91,0,1978.34,0,0,96.13,2074.47
"2023-11-12",1038.5,-20,0,1018.5,0,0,53.23,1071.73
"2023-11-13",1715.5,-31.25,0,1684.25,10,0,53.81,1748.06
"2023-11-14",531,-27.05,0,503.95,0,0,33.44,537.39
"2023-11-15",2355,-86.5,-150,2118.5,0,0,88.48,2206.98
"2023-11-16",4578,-20,0,4558,10,0,76.97,4644.97
"2023-11-17",4948.29,-387.5,0,4560.79,10,0,199.79,4770.58
"2023-11-18",2128.5,-25,0,2103.5,0,0,90.91,2194.41
"2023-11-19",1487.25,0,0,1487.25,0,0,57.29,1544.54
"2023-11-20",1238,-5,0,1233,0,0,34.03,1267.03
"2023-11-21",4382,-7.5,0,4374.5,20,0,269.43,4663.93
"2023-11-22",3154,-37.4,0,3116.6,20.07,0,103.12,3239.79
"2023-11-23",0,0,0,0,0,0,0,0
"2023-11-24",3578.5,-57.7,0,3520.8,0,0,158.24,3679.04
"2023-11-25",5311,-43.2,0,5267.8,10,0,210.29,5488.09
"2023-11-26",2533.5,-109,-450,1974.5,20,0,87.98,2082.48
"2023-11-27",7156.5,-29.8,0,7126.7,20,0,99.24,7245.94
"2023-11-28",1564.5,-52.9,0,1511.6,0,0,72.18,1583.78
"2023-11-29",4361.5,-384.3,0,3977.2,0,0,210.86,4188.06
"2023-11-30",3066,-796.5,0,2269.5,0,0,86.02,2355.52
"2023-12-01",3238.75,-56.75,0,3182,10,0,163.12,3355.12
"2023-12-02",5481.25,-68.1,0,5413.15,0,0,268.34,5681.49
"2023-12-03",4367.5,-221.75,0,4145.75,20,0,211.98,4377.73
"2023-12-04",1806.5,-14,0,1792.5,0,0,73.48,1865.98
"2023-12-05",2455.75,-74.25,0,2381.5,20,0,89.59,2491.09
"2023-12-06",3916,-76.5,0,3839.5,41.2,0,155.84,4036.54
"2023-12-07",4117.25,-158.15,0,3959.1,10,0,211.48,4180.58
"2023-12-08",7782.75,-89.92,0,7692.83,0,0,412.84,8105.67
"2023-12-09",7528.7,-158.1,0,7370.6,0,0,341.12,7711.72
"2023-12-10",3421.5,-64,-10.5,3347,20,0,155.54,3522.54
"2023-12-11",4122,-50.6,-161.2,3910.2,20,0,206.48,4136.68
"2023-12-12",6947.75,-34.15,-65,6848.6,100,0,305.66,7254.26
"2023-12-13",9826.75,-81.4,-1568,8177.35,20,0,178.85,8376.2
"2023-12-14",7051,-71.85,0,6979.15,46,0,359.47,7384.62
"2023-12-15",10459,-129.7,0,10329.3,0,0,563.1,10892.4
"2023-12-16",12511.75,-142.2,0,12369.55,10,0,590.48,12970.03
"2023-12-17",8156.5,-142.6,-4.5,8009.4,30,0,344.12,8383.52
"2023-12-18",6310.25,-121.2,0,6189.05,88.42,0,313.75,6591.22
"2023-12-19",11485.5,-292.7,0,11192.8,46,0,591.56,11830.36
"2023-12-20",10021.5,-114.7,0,9906.8,10,0,493.88,10410.68
"2023-12-21",12501.75,-139.45,0,12362.3,20,0,623.67,13005.97
"2023-12-22",14960.7,-155.05,-30,14775.65,10,0,725.93,15511.58
"2023-12-23",14039.95,-200.6,-68,13771.35,10,0,612.39,14393.74
"2023-12-24",6841.25,-103.05,-10,6728.2,0,0,340.54,7068.74
"2023-12-25",159,-5.4,0,153.6,40,0,3.98,197.58
"2023-12-26",1526.75,-38.5,0,1488.25,0,0,74.38,1562.63
"2023-12-27",1714.5,-269,0,1445.5,0,0,48.03,1493.53
"2023-12-28",1739.25,-30,0,1709.25,0,0,73.83,1783.08
"2023-12-29",2239,-26.7,0,2212.3,0,0,106.31,2318.61
"2023-12-30",2720.5,-61.2,0,2659.3,10,0,123.44,2792.74
"2023-12-31",1244.5,-20,0,1224.5,0,0,57.12,1281.62
"2024-01-01",149,0,0,149,10,0,0,159
"2024-01-02",2255.5,-123.75,0,2131.75,32.55,0,136,2300.3
"2024-01-03",974,-64.4,0,909.6,0,0,32.38,941.98
"2024-01-04",785,-53,0,732,0,0,35.44,767.44
"2024-01-05",1473,-20.8,0,1452.2,10,0,65.02,1527.22
"2024-01-06",1787.75,-377.85,-34,1375.9,20,0,45.53,1441.43
"2024-01-07",713,-14.2,0,698.8,10,0,18.01,726.81
"2024-01-08",726,-13.4,0,712.6,0,0,37.21,749.81
"2024-01-09",395,-8.4,0,386.6,20,0,15.94,422.54
"2024-01-10",2442,-20,-196,2226,10,0,124.5,2360.5
"2024-01-11",1075,-29,0,1046,0,0,56.91,1102.91
"2024-01-12",1305,-29.9,-22,1253.1,0,0,64.26,1317.36
"2024-01-13",1458.5,-42,0,1416.5,0,0,62.2,1478.7
"2024-01-14",841.75,-18.5,0,823.25,30,0,32.82,886.07
"2024-01-15",1950,-410,0,1540,20,0,36.91,1596.91
"2024-01-16",561,-14.8,-39,507.2,-10,0,26.67,523.87
"2024-01-17",1013,-127.5,0,885.5,0,0,35.54,921.04
"2024-01-18",1758,-548.2,0,1209.8,20,0,27.32,1257.12
"2024-01-19",1481,-508.1,0,972.9,0,0,3.94,976.84
"2024-01-20",1466.25,-23.96,0,1442.29,0,0,60.34,1502.63
"2024-01-21",1044.25,-20,0,1024.25,0,0,46.8,1071.05
"2024-01-22",779,-10,0,769,0,0,25.62,794.62
"2024-01-23",1886,-225,0,1661,20,0,60.76,1741.76
"2024-01-24",1970,-180.5,0,1789.5,0,0,46.08,1835.58
"2024-01-25",1006,0,0,1006,10,0,44.31,1060.31
"2024-01-26",14080.5,-161.65,0,13918.85,0,0,121.49,14040.34
"2024-01-27",3547,-32.5,0,3514.5,0,0,134.17,3648.67
"2024-01-28",1330,-38.4,0,1291.6,10,0,40.13,1341.73
"2024-01-29",939,-25,-150,764,10,0,24.59,798.59
"2024-01-30",2008,-41.7,0,1966.3,0,0,84.84,2051.14
"2024-01-31",2188,-58.6,0,2129.4,0,0,118.57,2247.97
"2024-02-01",2490,-155.6,-5,2329.4,28.42,0,88.08,2445.9
"2024-02-02",1845,-34.8,0,1810.2,0,0,66.83,1877.03
"2024-02-03",4186,-58.65,0,4127.35,0,0,197.8,4325.15
"2024-02-04",2091.75,-41.8,0,2049.95,20,0,89,2158.95
"2024-02-05",1917.5,-83.1,-6,1828.4,14.42,0,70.64,1913.46
"2024-02-06",1885,-28.1,0,1856.9,10,0,81.37,1948.27
"2024-02-07",2726,-19.9,-8,2698.1,40,0,103.97,2842.07
"2024-02-08",4182.5,-98.5,0,4084,20,0,246.65,4350.65
"2024-02-09",3726,-105.4,0,3620.6,18.62,0,157.32,3796.54
"2024-02-10",6141.75,-186.42,0,5955.33,0,0,291.57,6246.9
"2024-02-11",3591,-277.3,0,3313.7,10,0,120.96,3444.66
"2024-02-12",6706,-94.9,-73,6538.1,29.5,0,287.69,6855.29
"2024-02-13",13300,-221.7,-18,13060.3,10,0,646.01,13716.31
"2024-02-14",10851,-141.55,-22,10687.45,0,0,509.04,11196.49
"2024-02-15",2715.5,-44.6,-12,2658.9,10,0,79.35,2748.25
"2024-02-16",3268,-35.5,0,3232.5,0,0,72.39,3304.89
"2024-02-17",1358.25,-31,0,1327.25,10,0,62.91,1400.16
"2024-02-18",1381.75,-47.5,0,1334.25,37.53,0,65.42,1437.2
"2024-02-19",4705,-5,0,4700,0,0,55.21,4755.21
"2024-02-20",1550,-45.4,0,1504.6,10,0,75.7,1590.3
"2024-02-21",812,-10,0,802,0,0,33.78,835.78
"2024-02-22",3136,-10,0,3126,80,0,38.64,3244.64
"2024-02-23",1354,-41.4,0,1312.6,10,0,57.67,1380.27
"2024-02-24",1955.5,-59.5,-18,1878,10,0,79.71,1967.71
"2024-02-25",672,-10.1,0,661.9,0,0,35.66,697.56
"2024-02-26",545,-15,0,530,0,0,25.64,555.64
"2024-02-27",1612,-385.5,0,1226.5,10,0,48.4,1284.9
"2024-02-28",389,0,0,389,0,0,17.64,406.64
"2024-02-29",895,-20.8,0,874.2,10,0,44.24,928.44
"2024-03-01",1127,-24.4,0,1102.6,0,0,47.37,1149.97
"2024-03-02",1108.75,-60.1,-12,1036.65,0,0,42.61,1079.26
"2024-03-03",1595.25,-18.9,0,1576.35,0,0,62.93,1639.28
"2024-03-04",941,-17.3,0,923.7,0,0,53.39,977.09
"2024-03-05",1267,-12.7,0,1254.3,10,0,53.33,1317.63
"2024-03-06",408,-20,0,388,0,0,18.99,406.99
"2024-03-07",910,-38.5,0,871.5,0,0,33.53,905.03
"2024-03-08",2152,-74.8,0,2077.2,10,0,94.54,2181.74
"2024-03-09",1378,-39.5,0,1338.5,0,0,63.61,1402.11
"2024-03-10",1092,-5.7,0,1086.3,0,0,46.92,1133.22
"2024-03-11",1289,-256,0,1033,20,0,31.19,1084.19
"2024-03-12",1414,-17.5,0,1396.5,0,0,61.12,1457.62
"2024-03-13",1167,-27.5,0,1139.5,0,0,51.55,1191.05
"2024-03-14",1407,-35.8,0,1371.2,0,0,47.08,1418.28
"2024-03-15",1383,-69,0,1314,0,0,58.7,1372.7
"2024-03-16",2600,-55.55,0,2544.45,0,0,121.05,2665.5
"2024-03-17",1897,-90.9,0,1806.1,10,0,91.69,1907.79
"2024-03-18",1480,-14.2,0,1465.8,29.5,0,82.9,1578.2
"2024-03-19",1616,-57.4,0,1558.6,-19.5,0,59.65,1598.75
"2024-03-20",1581,-48.5,0,1532.5,10,0,67.61,1610.11
"2024-03-21",2400,-376.3,-75.6,1948.1,10,0,68.86,2026.96
"2024-03-22",2250,-78.1,0,2171.9,10,0,104.07,2285.97
"2024-03-23",1673,-89.9,0,1583.1,0,0,85.74,1668.84
"2024-03-24",3264,-85.9,0,3178.1,20,0,168.53,3366.63
"2024-03-25",2135,-77.6,0,2057.4,-10,0,104.83,2152.23
"2024-03-26",3638,-83.2,-216,3338.8,30,0,189.1,3557.9
"2024-03-27",2496,-121.2,0,2374.8,0,0,138.42,2513.22
"2024-03-28",2762,-94.4,-45,2622.6,10,0,142.54,2775.14
"2024-03-29",5442,-111.5,0,5330.5,10,0,288.39,5628.89
"2024-03-30",6262,-195.15,-47,6019.85,20,0,310.13,6349.98
"2024-03-31",54,0,0,54,0,0,3.57,57.57
"2024-04-01",700,-14,-58.5,627.5,0,0,21.86,649.36
"2024-04-02",1216,-239,0,977,0,0,40.74,1017.74
"2024-04-03",634,-60,0,574,0,0,34.25,608.25
"2024-04-04",577,-25,0,552,0,0,24.97,576.97
"2024-04-05",1868,-59.5,0,1808.5,0,0,67.89,1876.39
"2024-04-06",1253,-17.5,0,1235.5,0,0,59.9,1295.4
"2024-04-07",1034,-29.2,0,1004.8,10,0,47.1,1061.9
"2024-04-08",2070,-14.5,0,2055.5,20,0,117.17,2192.67
"2024-04-09",1939,-35.5,0,1903.5,0,0,98.49,2001.99
"2024-04-10",836,-5,0,831,0,0,29.1,860.1
"2024-04-11",1264.5,-56.2,0,1208.3,10,0,55.33,1273.63
"2024-04-12",959,-5,0,954,0,0,48.92,1002.92
"2024-04-13",2129,-56.4,0,2072.6,0,0,98.84,2171.44
"2024-04-14",837,-24.5,0,812.5,0,0,42.27,854.77
"2024-04-15",583,-22.5,0,560.5,18.62,0,27.15,606.27
"2024-04-16",443,-12.5,0,430.5,0,0,24.25,454.75
"2024-04-17",959,-17.5,0,941.5,0,0,31.57,973.07
"2024-04-18",1751,-426.2,-13.85,1310.95,20,0,40.44,1371.39
"2024-04-19",2121,-355,0,1766,10,0,48.37,1824.37
"2024-04-20",2418,-44.5,-79,2294.5,10,0,86.73,2391.23
"2024-04-21",1303,-4.95,0,1298.05,0,0,67.27,1365.32
"2024-04-22",1326,-38.8,-99,1188.2,10,0,52.5,1250.7
"2024-04-23",1910,-467,0,1443,10,0,51.75,1504.75
"2024-04-24",1724,-21.6,0,1702.4,0,0,72.79,1775.19
"2024-04-25",1221,-53.5,0,1167.5,0,0,51,1218.5
"2024-04-26",2031,-166.6,0,1864.4,16.93,0,73.39,1954.72
"2024-04-27",3400,-65.7,0,3334.3,10,0,144.94,3489.24
"2024-04-28",1683.25,-16.5,0,1666.75,0,0,42.73,1709.48
"2024-04-29",1606,-301.6,-153.6,1150.8,0,0,37.23,1188.03
"2024-04-30",1554,-147.5,0,1406.5,0,0,39.61,1446.11
"2024-05-01",984,-15.9,0,968.1,20,0,54.19,1042.29
"2024-05-02",794,-16.7,-10,767.3,0,0,30.25,797.55
"2024-05-03",1953,-69.8,-53,1830.2,10,0,75.28,1915.48
"2024-05-04",2982,-27.25,0,2954.75,50,0,127.65,3132.4
"2024-05-05",1646,-31.8,0,1614.2,40,0,68.04,1722.24
"2024-05-06",2001,-203,0,1798,21.87,0,79.01,1898.88
"2024-05-07",2337,-32.5,0,2304.5,10,0,111.76,2426.26
"2024-05-08",2406,-91.05,0,2314.95,30,0,123.77,2468.72
"2024-05-09",3005,-105.6,0,2899.4,10,0,177.19,3086.59
"2024-05-10",4888,-100.7,0,4787.3,16.94,0,258.44,5062.68
"2024-05-11",7963,-158.5,0,7804.5,0,0,405.43,8209.93
"2024-05-12",2512,-20.2,0,2491.8,0,0,121.69,2613.49
"2024-05-13",747,-11.5,-35,700.5,0,0,42.23,742.73
"2024-05-14",913,-13.6,0,899.4,20,0,34.2,953.6
"2024-05-15",369,-10,0,359,0,0,19.56,378.56
"2024-05-16",762,-30.3,0,731.7,0,0,45.18,776.88
"2024-05-17",1641,-37.6,-154,1449.4,0,0,48.04,1497.44
"2024-05-18",1309,-25.5,0,1283.5,0,0,57.09,1340.59
"2024-05-19",978,-14.9,0,963.1,0,0,57.46,1020.56
"2024-05-20",394,-7.4,0,386.6,0,0,9.87,396.47
"2024-05-21",1279,-41.7,-34,1203.3,0,0,61.12,1264.42
"2024-05-22",540,-19.8,0,520.2,0,0,27.8,548
"2024-05-23",1034,-42.5,0,991.5,0,0,51.71,1043.21
"2024-05-24",1078,-47.5,0,1030.5,0,0,56.82,1087.32
"2024-05-25",895,-50,0,845,0,0,42.28,887.28
"2024-05-26",0,0,0,0,0,0,0,0
"2024-05-27",0,0,0,0,0,0,0,0
"2024-05-28",529,-5,-34,490,0,0,25.4,515.4
"2024-05-29",1023,-22.5,0,1000.5,0,0,51.45,1051.95
"2024-05-30",908,-31.2,0,876.8,0,0,42.05,918.85
"2024-05-31",1094,-21,-20,1053,0,0,57.66,1110.66
"2024-06-01",1285,-24.1,-1.9,1259,0,0,69.68,1328.68
"2024-06-02",771,-15,0,756,0,0,34.02,790.02
"2024-06-03",773,-25,0,748,0,0,45.67,793.67
"2024-06-04",553,-15,0,538,0,0,23.02,561.02
"2024-06-05",1313.5,-34.7,0,1278.8,0,0,65.89,1344.69
"2024-06-06",1257,-9.6,0,1247.4,0,0,55.68,1303.08
"2024-06-07",1063,-32.6,0,1030.4,0,0,52.45,1082.85
"2024-06-08",1117,-20,0,1097,0,0,49.61,1146.61
"2024-06-09",649,-40.5,0,608.5,0,0,33.5,642
"2024-06-10",1600,-17.5,-475,1107.5,0,0,33.51,1141.01
"2024-06-11",1583,-60,0,1523,0,0,84.25,1607.25
"2024-06-12",1022,-41.7,0,980.3,0,0,25.64,1005.94
"2024-06-13",1654,-92.5,0,1561.5,0,0,80.14,1641.64
"2024-06-14",1893,-56.5,0,1836.5,0,0,95.98,1932.48
"2024-06-15",1961,-61.3,0,1899.7,0,0,94.45,1994.15
"2024-06-16",1172,-51.75,0,1120.25,0,0,66.01,1186.26
"2024-06-17",892,-25,0,867,0,0,57.52,924.52
"2024-06-18",936,-26.5,0,909.5,0,0,60.31,969.81
"2024-06-19",1096,-10,-150,936,0,0,47.22,983.22
"2024-06-20",699,-27.5,-150,521.5,0,0,40.83,562.33
"2024-06-21",559,-7.5,0,551.5,0,0,32.09,583.59
"2024-06-22",577,-16.5,0,560.5,0,0,29.32,589.82
"2024-06-23",392,-5,0,387,0,0,20.91,407.91
"2024-06-24",471,-7.5,0,463.5,0,0,27.97,491.47
"2024-06-25",941,0,0,941,0,0,38.06,979.06
"2024-06-26",703,0,0,703,0,0,30.07,733.07
"2024-06-27",1017,-24,0,993,0,0,61.81,1054.81
"2024-06-28",1552,-62.6,-300,1189.4,0,0,61.09,1250.49
"2024-06-29",1130,-10,0,1120,0,0,61.32,1181.32
"2024-06-30",556,-15,0,541,0,0,28.18,569.18
"2024-07-01",1219,-17.5,-350,851.5,80,0,61.75,993.25
"2024-07-02",810,-15,0,795,0,0,50.54,845.54
"2024-07-03",1109,-21.4,0,1087.6,0,0,52.93,1140.53
"2024-07-04",96,0,0,96,0,0,1.59,97.59
"2024-07-05",1187.5,-6.2,-161,1020.3,0,0,65.29,1085.59
"2024-07-06",614,-15.75,0,598.25,0,0,32.93,631.18
"2024-07-07",464,0,0,464,0,0,26.22,490.22
"2024-07-08",481,-13.3,0,467.7,0,0,31.02,498.72
"2024-07-09",427,-15,-74.7,337.3,0,0,19.09,356.39
"2024-07-10",356,-19.8,0,336.2,0,0,15.38,351.58
"2024-07-11",747,-17.5,0,729.5,0,0,26.48,755.98
"2024-07-12",874,-22.8,0,851.2,0,0,50.63,901.83
"2024-07-13",2700,-37.2,0,2662.8,0,0,159.84,2822.64
"2024-07-14",1303,-25.6,0,1277.4,0,0,80.77,1358.17
"2024-07-15",239,-17.5,-292.5,-71,0,0,-4.69,-75.69
"2024-07-16",298,0,0,298,0,0,16.06,314.06
"2024-07-17",605,-22.5,0,582.5,0,0,32.93,615.43
"2024-07-18",714,-7.5,0,706.5,0,0,13.67,720.17
"2024-07-19",965,-38.91,0,926.09,0,0,53.72,979.81
"2024-07-20",1033,-10,0,1023,0,0,45.22,1068.22
"2024-07-21",761,-6.6,0,754.4,0,0,29.15,783.55
"2024-07-22",284,-21.5,0,262.5,0,0,17.39,279.89
"2024-07-23",687,-17.5,0,669.5,0,0,35.67,705.17
"2024-07-24",882,-48.67,0,833.33,0,0,16.21,849.54
"2024-07-25",884,-6.6,0,877.4,0,0,28.87,906.27
"2024-07-26",1017,-55,-26,936,0,0,54.51,990.51
"2024-07-27",1200.5,-17.5,0,1183,0,0,65.1,1248.1
"2024-07-28",744,-13.46,0,730.54,0,0,41.07,771.61
"2024-07-29",1223,-397,0,826,0,0,24.94,850.94
"2024-07-30",823,-39,0,784,0,0,42.95,826.95
"2024-07-31",628,-12.9,0,615.1,0,0,29.65,644.75
"2024-08-01",1346,-172.1,0,1173.9,0,0,67.79,1241.69
"2024-08-02",1039,-128.9,0,910.1,0,0,41.73,951.83
"2024-08-03",940,-83.9,0,856.1,0,0,36.05,892.15
"2024-08-04",797,-84.7,0,712.3,0,0,38.66,750.96
"2024-08-05",407,-5,0,402,0,0,26.66,428.66
"2024-08-06",459,-17.9,0,441.1,0,0,27.91,469.01
"2024-08-07",1135,-11.5,0,1123.5,0,0,66.86,1190.36
"2024-08-08",775,-22.5,0,752.5,0,0,30.97,783.47
"2024-08-09",581,-16.2,-34,530.8,0,0,27.1,557.9
"2024-08-10",837,-17.5,0,819.5,0,0,39.71,859.21
"2024-08-11",834,-15,0,819,0,0,39.43,858.43
"2024-08-12",472,-32.5,0,439.5,0,0,29.14,468.64
"2024-08-13",630,-6,0,624,0,0,38.34,662.34
"2024-08-14",889,-25,0,864,0,0,47.37,911.37
"2024-08-15",1172,-35.25,0,1136.75,0,0,50.83,1187.58
"2024-08-16",1333,-15.2,0,1317.8,0,0,54.1,1371.9
"2024-08-17",1416,-24.3,0,1391.7,0,0,63.43,1455.13
"2024-08-18",509,-29,0,480,0,0,29.54,509.54
"2024-08-19",1121,-25,0,1096,0,0,72.62,1168.62
"2024-08-20",724.95,-15,0,709.95,0,0,41.05,751
"2024-08-21",853,-12.5,0,840.5,0,0,44.59,885.09
"2024-08-22",1454,-27,0,1427,0,0,56.2,1483.2
"2024-08-23",721,-8.7,0,712.3,0,0,40.28,752.58
"2024-08-24",1239,-37.6,0,1201.4,0,0,64.71,1266.11
"2024-08-25",552,-15,0,537,0,0,30.41,567.41
"2024-08-26",382,-12.5,-14.4,355.1,0,0,24.48,379.58
"2024-08-27",392,0,0,392,0,0,23.93,415.93
"2024-08-28",472.25,-40,0,432.25,0,0,23.76,456.01
"2024-08-29",1259,-35.7,0,1223.3,0,0,48.87,1272.17
"2024-08-30",1327.5,-20,0,1307.5,0,0,69.98,1377.48
"2024-08-31",1417,-21.8,0,1395.2,0,0,77.6,1472.8
"2024-09-01",928,-5.25,0,922.75,0,0,46.91,969.66
"2024-09-02",0,0,0,0,0,0,0,0
"2024-09-03",349,-5,0,344,0,0,16.39,360.39
"2024-09-04",1135,-43.5,0,1091.5,0,0,47.98,1139.48
"2024-09-05",1520,-367.5,-8,1144.5,0,0,40.93,1185.43
"2024-09-06",1150,-37.25,0,1112.75,0,0,60.25,1173
"2024-09-07",1082,-24.2,0,1057.8,0,0,57.98,1115.78
"2024-09-08",980,-20,0,960,0,0,51.77,1011.77
"2024-09-09",444,-18,0,426,0,0,28.27,454.27
"2024-09-10",949,-15,-96,838,0,0,45.05,883.05
"2024-09-11",469,-17.5,0,451.5,0,0,24.85,476.35
"2024-09-12",977,-72.9,-25,879.1,0,0,48.5,927.6
"2024-09-13",1170,-13.85,0,1156.15,0,0,65.56,1221.71
"2024-09-14",1616,-35,0,1581,0,0,73.79,1654.79
"2024-09-15",473,-15,0,458,0,0,20.38,478.38
"2024-09-16",1384.5,-75,0,1309.5,10,0,70.9,1390.4
"2024-09-17",1106,-20,0,1086,0,0,41.91,1127.91
"2024-09-18",1513,-27.1,0,1485.9,0,0,80.19,1566.09
"2024-09-19",1385,-400,0,985,0,0,37.19,1022.19
"2024-09-20",1527,-186.3,0,1340.7,0,0,51.17,1391.87
"2024-09-21",1617,-35.7,-6,1575.3,0,0,87.63,1662.93
"2024-09-22",528,-20.6,0,507.4,0,0,29.09,536.49
"2024-09-23",1213,-188,0,1025,12,0,53.75,1090.75
"2024-09-24",1782,-545,0,1237,12,0,19.13,1268.13
"2024-09-25",949,-31.5,0,917.5,0,0,44.17,961.67
"2024-09-26",719,-12.5,-12,694.5,10,0,36.29,740.79
"2024-09-27",1115,-10,0,1105,-12,0,60.54,1153.54
"2024-09-28",1223,-22.7,0,1200.3,0,0,60.6,1260.9
"2024-09-29",665,-31.75,0,633.25,0,0,34.99,668.24
"2024-09-30",757,-16.1,0,740.9,0,0,39.63,780.53
"2024-10-01",689,-30.2,-7.2,651.6,0,0,33.34,684.94
"2024-10-02",820,-10,0,810,10,0,38.31,858.31
"2024-10-03",3154,-886,0,2268,0,0,62.32,2330.32
"2024-10-04",2557,-51.35,0,2505.65,40,0,102.02,2647.67
"2024-10-05",2396,-38.45,-34,2323.55,27.77,0,93.08,2444.4
"2024-10-06",640,-28.9,0,611.1,0,0,34.57,645.67
"2024-10-07",771,-24.6,0,746.4,0,0,45.97,792.37
"2024-10-08",696,0,0,696,10,0,29.21,735.21
"2024-10-09",1230,-50,0,1180,50.76,0,46.55,1277.31
"2024-10-10",1591,-34.6,-329.6,1226.8,0,0,72.76,1299.56
"2024-10-11",2294,-227.1,0,2066.9,12,0,82.78,2161.68
"2024-10-12",2197,-45.1,0,2151.9,10,0,96.51,2258.41
"2024-10-13",826,-24.1,0,801.9,0,0,41.3,843.2
"2024-10-14",1961,-280.4,0,1680.6,0,0,49.42,1730.02
"2024-10-15",1523,-56.8,0,1466.2,10,0,58.39,1534.59
"2024-10-16",970,-20.4,0,949.6,0,0,46.55,996.15
"2024-10-17",1501,-52.9,0,1448.1,10,0,79.25,1537.35
"2024-10-18",2269,-75.75,-34,2159.25,10,0,103.49,2272.74
"2024-10-19",2180.75,-69.9,0,2110.85,0,0,100.95,2211.8
"2024-10-20",1304,-53.2,0,1250.8,0,0,64.19,1314.99
"2024-10-21",1272,-226.4,0,1045.6,10,0,49.01,1104.61
"2024-10-22",1567,-37.5,0,1529.5,10,0,47.98,1587.48
"2024-10-23",1274,-40,0,1234,0,0,58.98,1292.98
"2024-10-24",1687,-72.5,-28,1586.5,10,0,72.05,1668.55
"2024-10-25",5818.75,-1153.7,0,4665.05,20,0,184.91,4869.96
"2024-10-26",3040.25,-29.15,0,3011.1,0,0,73.13,3084.23
"2024-10-27",632.75,-24.1,0,608.65,0,0,30.07,638.72
"2024-10-28",1375.5,-21.5,0,1354,0,0,45.75,1399.75
"2024-10-29",1084,-27.7,0,1056.3,0,0,59.42,1115.72
"2024-10-30",1049,-25,0,1024,0,0,47.96,1071.96
"2024-10-31",1036,-31.4,0,1004.6,0,0,46.92,1051.52
"2024-11-01",1334,-40.8,0,1293.2,0,0,51.98,1345.18
"2024-11-02",1226,-20,0,1206,0,0,60.22,1266.22
"2024-11-03",1034.25,-23.2,0,1011.05,29.5,0,41.15,1081.7
"2024-11-04",747,-10,-20,717,0,0,24.13,741.13
"2024-11-05",833,-20,0,813,0,0,29.13,842.13
"2024-11-06",836,-13.5,0,822.5,0,0,41.35,863.85
"2024-11-07",1538,-13.2,0,1524.8,10,0,50.28,1585.08
"2024-11-08",1593,-75,0,1518,0,0,72.21,1590.21
"2024-11-09",2480,-82.45,0,2397.55,0,0,93.23,2490.78
"2024-11-10",1607,-32.5,0,1574.5,0,0,49.87,1624.37
"2024-11-11",3239.75,-1001.5,-8,2230.25,30.5,0,38.58,2299.33
"2024-11-12",878,-18.6,0,859.4,10,0,36.57,905.97
"2024-11-13",865.75,-27.5,0,838.25,20,0,46.97,905.22
"2024-11-14",2843,-30,0,2813,10,0,134.56,2957.56
"2024-11-15",2729,-156.3,0,2572.7,49.62,0,122.7,2745.02
"2024-11-16",3508.95,-63.45,0,3445.5,10,0,131.81,3587.31
"2024-11-17",1638.25,-20.3,0,1617.95,0,0,65.45,1683.4
"2024-11-18",1483.25,-288.3,-136,1058.95,0,0,41.44,1100.39
"2024-11-19",1243.25,-20,0,1223.25,0,0,49.32,1272.57
"2024-11-20",1517.25,-12.5,0,1504.75,0,0,63.33,1568.08
"2024-11-21",2543.25,-437,-588,1518.25,0,0,51.03,1569.28
"2024-11-22",1614.5,-42.4,0,1572.1,0,0,60.32,1632.42
"2024-11-23",3726.25,-231.7,0,3494.55,0,0,150.79,3645.34
"2024-11-24",1391.25,-39.3,0,1351.95,0,0,58.35,1410.3
"2024-11-25",2515.45,-61.5,0,2453.95,0,0,88.7,2542.65
"2024-11-26",3002.25,-83.2,-138,2781.05,0,0,152.6,2933.65
"2024-11-27",4078,-60.82,0,4017.18,0,0,224.81,4241.99
"2024-11-28",156,-15.6,0,140.4,0,0,0,140.4
"2024-11-29",4873.25,-173.97,0,4699.28,0,0,244.96,4944.24
"2024-11-30",5515.49,-195.28,0,5320.21,0,0,238.49,5558.7
"2024-12-01",2400,-20,0,2380,0,0,114.55,2494.55
"2024-12-02",2264.75,-32.36,0,2232.39,30,0,67.72,2330.11
"2024-12-03",2849.75,-59.65,0,2790.1,30,0,139.93,2960.03
"2024-12-04",2304,-199.28,0,2104.72,0,0,64.53,2169.25
"2024-12-05",5205.25,-728.92,0,4476.33,20,0,200.75,4697.08
"2024-12-06",6921.99,-242.7,0,6679.29,70,0,318.32,7067.61
"2024-12-07",11580.45,-1004.87,0,10575.58,120,0,416.5,11112.08
"2024-12-08",5639,-187.8,0,5451.2,20,0,278.62,5749.82
"2024-12-09",5091,-165.13,-210,4715.87,20,0,232.19,4968.06
"2024-12-10",4980,-82.9,0,4897.1,51.5,0,230.3,5178.9
"2024-12-11",6253,-160.5,-136,5956.5,10,0,307.01,6273.51
"2024-12-12",4960.5,-120,0,4840.5,10,0,225.36,5075.86
"2024-12-13",10449.5,-179.74,-315,9954.76,20,0,479.54,10454.3
"2024-12-14",14449.19,-253.75,0,14195.44,10,0,655.52,14860.96
"2024-12-15",10039.23,-203.15,0,9836.08,20,0,467.45,10323.53
"2024-12-16",9911,-865.5,10,9055.5,60,0,429.17,9544.67
"2024-12-17",14025,-289.1,0,13735.9,80,0,719.73,14535.63
"2024-12-18",12856.72,-322.82,-917.5,11616.4,101.35,0,582.49,12300.24
"2024-12-19",15833.2,-411.05,0,15422.15,20,0,745.65,16187.8
"2024-12-20",16239.5,-312.23,-130,15797.27,25.12,0,818.79,16641.18
"2024-12-21",16497.44,-331.12,-143.74,16022.58,21.5,0,757.06,16801.14
"2024-12-22",13080.17,-208.99,-245.26,12625.92,0,0,621.26,13247.18
"2024-12-23",18002.75,-630.75,0,17372,32,0,751.43,18155.43
"2024-12-24",10094.5,-227.85,0,9866.65,0,0,426.09,10292.74
"2024-12-25",0,0,0,0,0,0,0,0
"2024-12-26",2701,-32.5,0,2668.5,0,0,124.16,2792.66
"2024-12-27",3282.25,-114.9,-9,3158.35,20,0,145.18,3323.53
"2024-12-28",1374.5,-10,-70,1294.5,0,0,51.64,1346.14
"2024-12-29",2153.5,-356.45,0,1797.05,22,0,64.66,1883.71
"2024-12-30",1872.75,-10,0,1862.75,0,0,72,1934.75
"2024-12-31",2052.75,-35.32,0,2017.43,0,0,83.69,2101.12
"2025-01-01",96,-6.1,0,89.9,10,0,2.98,102.88
"2025-01-02",1425.75,-102.5,0,1323.25,0,0,51.72,1374.97
"2025-01-03",1529.75,-30,0,1499.75,0,0,73.34,1573.09
"2025-01-04",2768.5,-287,0,2481.5,-12,0,68.14,2537.64
"2025-01-05",1132.25,-55,0,1077.25,0,0,46.34,1123.59
"2025-01-06",890,0,0,890,0,0,0,890
"2025-01-07",1805.25,-29.72,-16,1759.53,0,0,39.73,1799.26
"2025-01-08",1739,-28.05,0,1710.95,0,0,37.18,1748.13
"2025-01-09",1350.5,-41.6,0,1308.9,0,0,44.09,1352.99
"2025-01-10",1443,-22.5,0,1420.5,0,0,46.65,1467.15
"2025-01-11",1545,-63,-34,1448,0,0,63.4,1511.4
"2025-01-12",1635.25,-35,0,1600.25,0,0,44.07,1644.32
"2025-01-13",559.25,-5,0,554.25,0,0,13.09,567.34
"2025-01-14",1157.5,-19.5,-34,1104,0,0,11.51,1115.51
"2025-01-15",2734,-48.5,0,2685.5,40,0,74.67,2800.17
"2025-01-16",1928,-372.7,0,1555.3,24,0,30.53,1609.83
"2025-01-17",3344,-917.5,0,2426.5,0,0,65,2491.5
"2025-01-18",2449.5,-63.3,0,2386.2,0,0,119.69,2505.89
"2025-01-19",1722.5,-58.25,0,1664.25,10,0,35.03,1709.28
"2025-01-20",1816.25,-15,0,1801.25,10,0,91.22,1902.47
"2025-01-21",3235.5,-624,0,2611.5,20,0,52.03,2683.53
"2025-01-22",5058,-761,0,4297,20,0,122.23,4439.23
"2025-01-23",1983.75,-156.5,0,1827.25,0,0,52.42,1879.67
"2025-01-24",2476.5,-73,0,2403.5,20,0,57.18,2480.68
"2025-01-25",2265.25,-39.97,-2.25,2223.03,10,0,88.63,2321.66
"2025-01-26",829.25,-20,0,809.25,0,0,39.74,848.99
"2025-01-27",940,-13.9,-195.5,730.6,0,0,49.32,779.92
"2025-01-28",1076.25,-10,-2.25,1064,0,0,32.43,1096.43
"2025-01-29",2200,-32.5,0,2167.5,20,0,61.52,2249.02
"2025-01-30",1930,-44.1,0,1885.9,0,0,60.58,1946.48
"2025-01-31",2233.5,-44.9,0,2188.6,30,0,83.7,2302.3
"2025-02-01",4199.95,-95.67,0,4104.28,50,0,178.74,4333.02
"2025-02-02",2121.5,-72.35,0,2049.15,10,0,97.43,2156.58
"2025-02-03",1128,-3.5,-13.5,1111,30,0,45.67,1186.67
"2025-02-04",1608.25,-24.3,0,1583.95,30,0,77.3,1691.25
"2025-02-05",2449,-53.22,-50,2345.78,111.26,0,99.91,2556.95
"2025-02-06",2756.75,-58.71,-156,2542.04,30,0,104.67,2676.71
"2025-02-07",2485.75,-73.9,0,2411.85,20,0,111.35,2543.2
"2025-02-08",5086,-156.3,0,4929.7,68.86,0,234.21,5232.77
"2025-02-09",2212.5,-32.5,0,2180,28.62,0,98.81,2307.43
"2025-02-10",3554.5,-180,0,3374.5,40,0,192.63,3607.13
"2025-02-11",6724.25,-140.8,0,6583.45,58.12,0,285.87,6927.44
"2025-02-12",6402,-144.1,0,6257.9,37.77,0,289.5,6585.17
"2025-02-13",16571,-344.2,-14,16212.8,0,0,762.66,16975.46
"2025-02-14",12120.25,-237,-107,11776.25,0,0,644.72,12420.97
"2025-02-15",3096.75,-100.55,-71,2925.2,10,0,129.25,3064.45
"2025-02-16",1284.75,-20.45,0,1264.3,20,0,56.89,1341.19
"2025-02-17",795.25,-32.1,0,763.15,0,0,45.5,808.65
"2025-02-18",920.75,-32.5,0,888.25,0,0,38.6,926.85
"2025-02-19",525.5,0,0,525.5,0,0,18.76,544.26
"2025-02-20",1700.5,-17.5,0,1683,0,0,49.8,1732.8
"2025-02-21",1560.75,-69.3,0,1491.45,0,0,68.58,1560.03
"2025-02-22",2744.25,-57.6,0,2686.65,19.5,0,132.68,2838.83
"2025-02-23",1392.7,-45.7,0,1347,0,0,71.26,1418.26
"2025-02-24",513,-32.8,0,480.2,-19.5,0,29.93,490.63
"2025-02-25",2303.5,-617.5,0,1686,0,0,35,1721
"2025-02-26",1283.5,-20,0,1263.5,0,0,54.1,1317.6
"2025-02-27",1131.75,-57.37,0,1074.38,17.92,0,31.76,1124.06
"2025-02-28",2248.25,-60,0,2188.25,10,0,75.25,2273.5
"2025-03-01",2413.75,-81,0,2332.75,0,0,112.93,2445.68
"2025-03-02",1330.5,-38.1,0,1292.4,0,0,57.53,1349.93
"2025-03-03",1442,-25.32,0,1416.68,0,0,89.59,1506.27
"2025-03-04",1857.25,-330.3,0,1526.95,0,0,51.29,1578.24
"2025-03-05",351.25,0,0,351.25,0,0,16.38,367.63
"2025-03-06",955.5,-3.7,0,951.8,10,0,45.05,1006.85
"2025-03-07",1640.25,-16.35,0,1623.9,0,0,70.69,1694.59
"2025-03-08",2642.25,-12.5,0,2629.75,0,0,135.69,2765.44
"2025-03-09",908.5,-2.3,0,906.2,10,0,30.4,946.6
"2025-03-10",820.75,-16,0,804.75,19.5,0,51.89,876.14
"2025-03-11",1051.75,0,0,1051.75,-19.5,0,48.35,1080.6
"2025-03-12",677.25,-56.72,0,620.53,0,0,32.59,653.12
"2025-03-13",1323.75,-31.35,0,1292.4,0,0,59.43,1351.83
"2025-03-14",2074.5,-67.5,0,2007,30,0,91.48,2128.48
"2025-03-15",2151.25,-63.6,0,2087.65,10,0,99.62,2197.27
"2025-03-16",1328,-21.8,0,1306.2,10,0,60.09,1376.29
"2025-03-17",1372.25,-40,0,1332.25,0,0,67.51,1399.76
"2025-03-18",917.25,-16.4,0,900.85,10,0,33.33,944.18
"2025-03-19",1201.75,-57.5,0,1144.25,10,0,59.81,1214.06
"2025-03-20",715.5,-53,0,662.5,0,0,37.89,700.39
"2025-03-21",1469,-42.3,0,1426.7,0,0,71.39,1498.09
"2025-03-22",2474.75,-28.1,0,2446.65,0,0,113.51,2560.16
"2025-03-23",1200.5,-1.4,0,1199.1,0,0,59.66,1258.76
"2025-03-24",986.25,-26.1,0,960.15,0,0,31.28,991.43
"2025-03-25",752.25,-5,0,747.25,0,0,24.77,772.02
"2025-03-26",929.5,-35,0,894.5,0,0,42.7,937.2
"2025-03-27",2576.75,-29.2,0,2547.55,20,0,57.31,2624.86
"2025-03-28",1449.25,-28.97,0,1420.28,0,0,60.5,1480.78
"2025-03-29",2782.25,-34.17,0,2748.08,0,0,146.26,2894.34
"2025-03-30",1073.5,-32.4,0,1041.1,44.5,0,48.41,1134.01
"2025-03-31",1213.75,-22.5,0,1191.25,10,0,50.7,1251.95
"2025-04-01",2988.75,-631.9,0,2356.85,10,0,51.34,2418.19
"2025-04-02",1267.25,-14,0,1253.25,0,0,50.32,1303.57
"2025-04-03",1682.5,-146.1,0,1536.4,0,0,47.83,1584.23
"2025-04-04",1625.75,-56,0,1569.75,10,0,80.44,1660.19
"2025-04-05",2853.75,-57.7,0,2796.05,10,0,126.55,2932.6
"2025-04-06",992.25,-32.4,0,959.85,10,0,50.4,1020.25
"2025-04-07",1076.75,-38.2,0,1038.55,0,0,30.75,1069.3
"2025-04-08",2066.25,-47.5,0,2018.75,0,0,106.72,2125.47
"2025-04-09",1574,-42.9,0,1531.1,0,0,86.15,1617.25
"2025-04-10",1989.25,-73.7,0,1915.55,10,0,98.37,2023.92
"2025-04-11",2245.75,-71.2,0,2174.55,25.28,0,115.33,2315.16
"2025-04-12",3809.25,-39.97,0,3769.28,0,0,195.6,3964.88
"2025-04-13",1728.75,-49.65,0,1679.1,0,0,85.31,1764.41
"2025-04-14",4010.5,-551.3,-22,3437.2,22,0,182.42,3641.62
"2025-04-15",2451.75,-63.96,-104,2283.79,-10,0,124.1,2397.89
"2025-04-16",2541.75,-100.6,-6.75,2434.4,0,0,135.81,2570.21
"2025-04-17",4642.75,-151.3,0,4491.45,62.96,0,216.76,4771.17
"2025-04-18",5155.75,-176.65,0,4979.1,0,0,263.63,5242.73
"2025-04-19",6524.75,-350.45,0,6174.3,20,0,315.53,6509.83
"2025-04-20",136,-6.8,0,129.2,0,0,8.56,137.76
"2025-04-21",3876.25,-18.82,0,3857.43,0,0,47.91,3905.34
"2025-04-22",1825.5,-41,0,1784.5,0,0,43.46,1827.96
"2025-04-23",1225,-25.5,0,1199.5,0,0,59.87,1259.37
"2025-04-24",1236.25,-46,0,1190.25,-12,0,39.75,1218
"2025-04-25",988.5,-17.5,0,971,0,0,49.79,1020.79
"2025-04-26",1352.25,-34.8,0,1317.45,10,0,73.34,1400.79
"2025-04-27",1890.25,-62.75,0,1827.5,10,0,69.47,1906.97
"2025-04-28",400.5,-12.5,0,388,0,0,17.3,405.3
"2025-04-29",1360.5,-17.5,0,1343,10,0,37.35,1390.35
"2025-04-30",1445.25,-6.87,0,1438.38,0,0,35.28,1473.66
"2025-05-01",1009,-50,0,959,40,0,39.8,1038.8
"2025-05-02",1353.25,-33,0,1320.25,0,0,65.13,1385.38
"2025-05-03",2343.25,-91.2,0,2252.05,10,0,100.39,2362.44
"2025-05-04",1649.5,-55.6,0,1593.9,20,0,84.84,1698.74
"2025-05-05",1469.75,-48.7,0,1421.05,28.62,0,91.82,1541.49
"2025-05-06",1785,-32.7,0,1752.3,-18.62,0,82.65,1816.33
"2025-05-07",3658.25,-149.2,0,3509.05,36.94,0,192.27,3738.26
"2025-05-08",3831.25,-95.1,0,3736.15,80,0,180.72,3996.87
"2025-05-09",6228,-165,0,6063,0,0,297.46,6360.46
"2025-05-10",8743,-144.02,0,8598.98,0,0,434.6,9033.58
"2025-05-11",3141.75,-62.5,0,3079.25,0,0,133.72,3212.97
"2025-05-12",718,-23.5,0,694.5,10,0,44.19,748.69
"2025-05-13",665,0,-15,650,10,0,26.94,686.94
"2025-05-14",666.5,-5.9,0,660.6,0,0,20.56,681.16
"2025-05-15",680.25,-25.2,0,655.05,0,0,32.51,687.56
"2025-05-16",1050,-34.75,0,1015.25,0,0,55.28,1070.53
"2025-05-17",1151.5,-36.5,0,1115,0,0,52.82,1167.82
"2025-05-18",989.25,-67.4,0,921.85,0,0,46.99,968.84
"2025-05-19",947.25,-37.5,0,909.75,0,0,49.67,959.42
"2025-05-20",892.5,-45,0,847.5,0,0,40.78,888.28
"2025-05-21",2556,-625.6,0,1930.4,43.5,0,46.49,2020.39
"2025-05-22",1620.25,-283.4,0,1336.85,0,0,53.57,1390.42
"2025-05-23",1983,-57,0,1926,0,0,89.92,2015.92
"2025-05-24",2245.75,-34.2,0,2211.55,0,0,99.62,2311.17
"2025-05-25",1675.5,-32.8,0,1642.7,0,0,92.88,1735.58
"2025-05-26",0,0,0,0,0,0,0,0
"2025-05-27",890.75,-10,0,880.75,0,0,36.13,916.88
"2025-05-28",860.75,-22.5,0,838.25,0,0,51.03,889.28
"2025-05-29",1145.5,-43.25,0,1102.25,0,0,45.36,1147.61
"2025-05-30",827,-10.9,0,816.1,0,0,39.79,855.89
"2025-05-31",1813.75,-85.7,0,1728.05,0,0,90.15,1818.2